id,title,author,category,rating,summary,fullContent,coverColor,coverIcon,isPublished
1,The Quantum Enigma,Dr. Elara Vance,Science Fiction,4,"In a world grappling with quantum uncertainties, Dr. Elara Vance unveils a theory that could rewrite physics. Her journey through paradoxes and parallel realities challenges everything we know about existence.","# The Quantum Enigma

**Author:** *Dr. Elara Vance*
**Category:** `Science Fiction`

---

## рҹ“– Overview

> ""The Quantum Enigma masterfully sets a new benchmark in the Science Fiction genre, taking readers on an unforgettable journey.""

The Quantum Enigma delves deep into theoretical physics, exploring the implications of a revolutionary theory proposed by Dr. Elara Vance. Her work suggests a universe far more interconnected and fluid than previously imagined, with implications for time travel and multi-dimensional existence. The narrative follows Vance's struggles against scientific orthodoxy and personal doubts, culminating in a paradigm-shifting discovery. This book combines rigorous scientific concepts with a compelling human story of ambition and discovery.

## рҹ”Қ In-Depth Analysis

The narrative structure of **The Quantum Enigma** is built upon layers of intricate details. From the very first chapter, Dr. Elara Vance establishes a compelling hook that draws the reader into a meticulously crafted universe. The pacing is deliberate, allowing for both explosive moments of tension and quiet periods of profound reflection.

### Core Themes

Exploring the depth of this work reveals several underlying motifs:

* **The Human Condition:** At its heart, the story examines what it means to struggle, survive, and ultimately thrive in challenging circumstances.
* **Power and Consequence:** Characters are constantly faced with choices that have far-reaching impacts, not just for themselves but for the world around them.
* **The Unseen World:** Exploring the boundaries of what is known and diving into the mysteries that lie beyond everyday perception.

## рҹ‘Ө Character Development

The protagonist undergoes a significant transformation throughout the book. Initially presented with a set of deeply ingrained beliefs, they are forced to confront their biases as the plot unfolds.

1.  **Inciting Incident:** The character's ordinary life is disrupted, setting them on an inevitable path of discovery.
2.  **Rising Action:** A series of escalating challenges that test their physical and mental limits.
3.  **Climax:** The ultimate confrontation where everything is on the line.

## вңҚпёҸ Author's Style

Dr. Elara Vance's prose is nothing short of captivating. The use of rich imagery and dynamic dialogue ensures that the reader is completely immersed in the setting. 

### Excerpt Insight
> *The horizon bled into vibrant hues, a stark reminder of the fragile balance between creation and destruction.*

This illustrative style highlights the author's ability to blend environmental description with deep thematic resonance, perfectly suiting the `Science Fiction` classification.

---
**Final Verdict:** вӯҗпёҸвӯҗпёҸвӯҗпёҸвӯҗпёҸвӯҗпёҸ 
A profound addition to the genre that demands to be read, analyzed, and discussed. Highly recommended for those who appreciate depth, complexity, and a truly engaging story.
",#1a2b3c,atom,True
2,Echoes of the Forgotten Lore,Anya Sharma,Fantasy,5,"Anya Sharma masterfully weaves a tale of ancient magic and forgotten kingdoms. A young apprentice discovers a forbidden spell, unleashing a power that threatens to unravel the fabric of reality.","# Echoes of the Forgotten Lore

**Author:** *Anya Sharma*
**Category:** `Fantasy`

---

## рҹ“– Overview

> ""Echoes of the Forgotten Lore masterfully sets a new benchmark in the Fantasy genre, taking readers on an unforgettable journey.""

Echoes of the Forgotten Lore introduces readers to the enchanted land of Aeridor, where magic is both revered and feared. Young Lyra, an apprentice enchanter, strolls upon a scroll containing a long-lost spell. Unbeknownst to her, this spell connects to an ancient prophecy that speaks of a cataclysmic event. As she delves deeper, Lyra uncovers a conspiracy reaching the highest echelons of power and must decide whether to save her world or surrender to the alluring darkness of forbidden magic.

## рҹ”Қ In-Depth Analysis

The narrative structure of **Echoes of the Forgotten Lore** is built upon layers of intricate details. From the very first chapter, Anya Sharma establishes a compelling hook that draws the reader into a meticulously crafted universe. The pacing is deliberate, allowing for both explosive moments of tension and quiet periods of profound reflection.

### Core Themes

Exploring the depth of this work reveals several underlying motifs:

* **The Human Condition:** At its heart, the story examines what it means to struggle, survive, and ultimately thrive in challenging circumstances.
* **Power and Consequence:** Characters are constantly faced with choices that have far-reaching impacts, not just for themselves but for the world around them.
* **The Unseen World:** Exploring the boundaries of what is known and diving into the mysteries that lie beyond everyday perception.

## рҹ‘Ө Character Development

The protagonist undergoes a significant transformation throughout the book. Initially presented with a set of deeply ingrained beliefs, they are forced to confront their biases as the plot unfolds.

1.  **Inciting Incident:** The character's ordinary life is disrupted, setting them on an inevitable path of discovery.
2.  **Rising Action:** A series of escalating challenges that test their physical and mental limits.
3.  **Climax:** The ultimate confrontation where everything is on the line.

## вңҚпёҸ Author's Style

Anya Sharma's prose is nothing short of captivating. The use of rich imagery and dynamic dialogue ensures that the reader is completely immersed in the setting. 

### Excerpt Insight
> *The horizon bled into vibrant hues, a stark reminder of the fragile balance between creation and destruction.*

This illustrative style highlights the author's ability to blend environmental description with deep thematic resonance, perfectly suiting the `Fantasy` classification.

---
**Final Verdict:** вӯҗпёҸвӯҗпёҸвӯҗпёҸвӯҗпёҸвӯҗпёҸ 
A profound addition to the genre that demands to be read, analyzed, and discussed. Highly recommended for those who appreciate depth, complexity, and a truly engaging story.
",#3d4e5f,wand,True
3,The Silent Architect,Kaito Ishikawa,Thriller,3,"Kaito Ishikawa's gripping thriller follows Detective Hiroshi as he races against time to uncover the identity of 'The Architect,' a mastermind behind a series of seemingly unrelated crimes that hold a sinister common thread.","# The Silent Architect

**Author:** *Kaito Ishikawa*
**Category:** `Thriller`

---

## рҹ“– Overview

> ""The Silent Architect masterfully sets a new benchmark in the Thriller genre, taking readers on an unforgettable journey.""

Detective Hiroshi's life takes a dark turn when a string of bizarre, yet meticulously planned, crimes plague the city. Each crime scene leaves a cryptic clue, pointing to a shadowy figure known only as 'The Architect.' As the body count rises and the city descends into chaos, Hiroshi must decipher the Architect's complex web of puzzles, all while battling his own demons. The Silent Architect is a psychological thriller that will keep you on the edge of your seat until the very last page.

## рҹ”Қ In-Depth Analysis

The narrative structure of **The Silent Architect** is built upon layers of intricate details. From the very first chapter, Kaito Ishikawa establishes a compelling hook that draws the reader into a meticulously crafted universe. The pacing is deliberate, allowing for both explosive moments of tension and quiet periods of profound reflection.

### Core Themes

Exploring the depth of this work reveals several underlying motifs:

* **The Human Condition:** At its heart, the story examines what it means to struggle, survive, and ultimately thrive in challenging circumstances.
* **Power and Consequence:** Characters are constantly faced with choices that have far-reaching impacts, not just for themselves but for the world around them.
* **The Unseen World:** Exploring the boundaries of what is known and diving into the mysteries that lie beyond everyday perception.

## рҹ‘Ө Character Development

The protagonist undergoes a significant transformation throughout the book. Initially presented with a set of deeply ingrained beliefs, they are forced to confront their biases as the plot unfolds.

1.  **Inciting Incident:** The character's ordinary life is disrupted, setting them on an inevitable path of discovery.
2.  **Rising Action:** A series of escalating challenges that test their physical and mental limits.
3.  **Climax:** The ultimate confrontation where everything is on the line.

## вңҚпёҸ Author's Style

Kaito Ishikawa's prose is nothing short of captivating. The use of rich imagery and dynamic dialogue ensures that the reader is completely immersed in the setting. 

### Excerpt Insight
> *The horizon bled into vibrant hues, a stark reminder of the fragile balance between creation and destruction.*

This illustrative style highlights the author's ability to blend environmental description with deep thematic resonance, perfectly suiting the `Thriller` classification.

---
**Final Verdict:** вӯҗпёҸвӯҗпёҸвӯҗпёҸвӯҗпёҸвӯҗпёҸ 
A profound addition to the genre that demands to be read, analyzed, and discussed. Highly recommended for those who appreciate depth, complexity, and a truly engaging story.
",#6a7b8c,eye,False
4,Culinary Alchemy: A Modern Guide,Chef RenГ©e Dubois,Cooking,5,"Chef RenГ©e Dubois transforms everyday ingredients into extraordinary culinary experiences. This book is a treasure trove of innovative recipes, techniques, and the philosophy behind truly magical cooking.","# Culinary Alchemy: A Modern Guide

**Author:** *Chef RenГ©e Dubois*
**Category:** `Cooking`

---

## рҹ“– Overview

> ""Culinary Alchemy: A Modern Guide masterfully sets a new benchmark in the Cooking genre, taking readers on an unforgettable journey.""

Culinary Alchemy is more than just a cookbook; it's a journey into the art and science of gastronomy. Chef RenГ©e Dubois shares her secrets to elevating simple dishes into gourmet masterpieces, focusing on flavor profiles, texture, and presentation. From molecular gastronomy tips to comforting classic re-inventions, this guide empowers home cooks to experiment and discover their inner chef. It includes stunning photography and step-by-step instructions for a wide range of dishes, perfect for both beginners and seasoned cooks.

## рҹ”Қ In-Depth Analysis

The narrative structure of **Culinary Alchemy: A Modern Guide** is built upon layers of intricate details. From the very first chapter, Chef RenГ©e Dubois establishes a compelling hook that draws the reader into a meticulously crafted universe. The pacing is deliberate, allowing for both explosive moments of tension and quiet periods of profound reflection.

### Core Themes

Exploring the depth of this work reveals several underlying motifs:

* **The Human Condition:** At its heart, the story examines what it means to struggle, survive, and ultimately thrive in challenging circumstances.
* **Power and Consequence:** Characters are constantly faced with choices that have far-reaching impacts, not just for themselves but for the world around them.
* **The Unseen World:** Exploring the boundaries of what is known and diving into the mysteries that lie beyond everyday perception.

## рҹ‘Ө Character Development

The protagonist undergoes a significant transformation throughout the book. Initially presented with a set of deeply ingrained beliefs, they are forced to confront their biases as the plot unfolds.

1.  **Inciting Incident:** The character's ordinary life is disrupted, setting them on an inevitable path of discovery.
2.  **Rising Action:** A series of escalating challenges that test their physical and mental limits.
3.  **Climax:** The ultimate confrontation where everything is on the line.

## вңҚпёҸ Author's Style

Chef RenГ©e Dubois's prose is nothing short of captivating. The use of rich imagery and dynamic dialogue ensures that the reader is completely immersed in the setting. 

### Excerpt Insight
> *The horizon bled into vibrant hues, a stark reminder of the fragile balance between creation and destruction.*

This illustrative style highlights the author's ability to blend environmental description with deep thematic resonance, perfectly suiting the `Cooking` classification.

---
**Final Verdict:** вӯҗпёҸвӯҗпёҸвӯҗпёҸвӯҗпёҸвӯҗпёҸ 
A profound addition to the genre that demands to be read, analyzed, and discussed. Highly recommended for those who appreciate depth, complexity, and a truly engaging story.
",#8c9dae,chef-hat,True
5,The Last Starship,Captain Eva Rostova,Science Fiction,4,"Captain Eva Rostova embarks on a desperate mission to save humanity aboard the last functioning starship. Their journey takes them through uncharted galaxies, encountering alien civilizations and cosmic wonders.","# The Last Starship

**Author:** *Captain Eva Rostova*
**Category:** `Science Fiction`

---

## рҹ“– Overview

> ""The Last Starship masterfully sets a new benchmark in the Science Fiction genre, taking readers on an unforgettable journey.""

In a future where Earth is a desolate wasteland, Captain Eva Rostova leads a crew of scientists and soldiers on a perilous voyage into the unknown. The Last Starship, humanity's final hope, navigates through wormholes and nebulae, searching for a new habitable planet. Along the way, they face internal conflicts, sabotage, and the existential threat of hostile alien empires. This epic space opera explores themes of survival, sacrifice, and the enduring human spirit against the backdrop of an awe-inspiring universe.

## рҹ”Қ In-Depth Analysis

The narrative structure of **The Last Starship** is built upon layers of intricate details. From the very first chapter, Captain Eva Rostova establishes a compelling hook that draws the reader into a meticulously crafted universe. The pacing is deliberate, allowing for both explosive moments of tension and quiet periods of profound reflection.

### Core Themes

Exploring the depth of this work reveals several underlying motifs:

* **The Human Condition:** At its heart, the story examines what it means to struggle, survive, and ultimately thrive in challenging circumstances.
* **Power and Consequence:** Characters are constantly faced with choices that have far-reaching impacts, not just for themselves but for the world around them.
* **The Unseen World:** Exploring the boundaries of what is known and diving into the mysteries that lie beyond everyday perception.

## рҹ‘Ө Character Development

The protagonist undergoes a significant transformation throughout the book. Initially presented with a set of deeply ingrained beliefs, they are forced to confront their biases as the plot unfolds.

1.  **Inciting Incident:** The character's ordinary life is disrupted, setting them on an inevitable path of discovery.
2.  **Rising Action:** A series of escalating challenges that test their physical and mental limits.
3.  **Climax:** The ultimate confrontation where everything is on the line.

## вңҚпёҸ Author's Style

Captain Eva Rostova's prose is nothing short of captivating. The use of rich imagery and dynamic dialogue ensures that the reader is completely immersed in the setting. 

### Excerpt Insight
> *The horizon bled into vibrant hues, a stark reminder of the fragile balance between creation and destruction.*

This illustrative style highlights the author's ability to blend environmental description with deep thematic resonance, perfectly suiting the `Science Fiction` classification.

---
**Final Verdict:** вӯҗпёҸвӯҗпёҸвӯҗпёҸвӯҗпёҸвӯҗпёҸ 
A profound addition to the genre that demands to be read, analyzed, and discussed. Highly recommended for those who appreciate depth, complexity, and a truly engaging story.
",#00008b,rocket,True
6,Whispers in the Ancient Woods,Elara Thorne,Fantasy,5,"Elara Thorne's enchanting novel tells the story of a young druid, Lyra, who must commune with the ancient spirits of the forest to prevent a looming darkness from consuming her world.","# Whispers in the Ancient Woods

**Author:** *Elara Thorne*
**Category:** `Fantasy`

---

## рҹ“– Overview

> ""Whispers in the Ancient Woods masterfully sets a new benchmark in the Fantasy genre, taking readers on an unforgettable journey.""

The ancient woods of Eldoria hum with magic, but a creeping blight threatens its very existence. Lyra, a gifted young druid, is tasked by the Elder Council to seek out the Whispers in the Ancient Woods вҖ“ the primordial spirits of the forest. Her quest leads her through treacherous landscapes, encounters with mythical beasts, and a revelation about her own lineage. This coming-of-age story is rich with folklore, environmental themes, and a deep connection to nature's mystical powers.

## рҹ”Қ In-Depth Analysis

The narrative structure of **Whispers in the Ancient Woods** is built upon layers of intricate details. From the very first chapter, Elara Thorne establishes a compelling hook that draws the reader into a meticulously crafted universe. The pacing is deliberate, allowing for both explosive moments of tension and quiet periods of profound reflection.

### Core Themes

Exploring the depth of this work reveals several underlying motifs:

* **The Human Condition:** At its heart, the story examines what it means to struggle, survive, and ultimately thrive in challenging circumstances.
* **Power and Consequence:** Characters are constantly faced with choices that have far-reaching impacts, not just for themselves but for the world around them.
* **The Unseen World:** Exploring the boundaries of what is known and diving into the mysteries that lie beyond everyday perception.

## рҹ‘Ө Character Development

The protagonist undergoes a significant transformation throughout the book. Initially presented with a set of deeply ingrained beliefs, they are forced to confront their biases as the plot unfolds.

1.  **Inciting Incident:** The character's ordinary life is disrupted, setting them on an inevitable path of discovery.
2.  **Rising Action:** A series of escalating challenges that test their physical and mental limits.
3.  **Climax:** The ultimate confrontation where everything is on the line.

## вңҚпёҸ Author's Style

Elara Thorne's prose is nothing short of captivating. The use of rich imagery and dynamic dialogue ensures that the reader is completely immersed in the setting. 

### Excerpt Insight
> *The horizon bled into vibrant hues, a stark reminder of the fragile balance between creation and destruction.*

This illustrative style highlights the author's ability to blend environmental description with deep thematic resonance, perfectly suiting the `Fantasy` classification.

---
**Final Verdict:** вӯҗпёҸвӯҗпёҸвӯҗпёҸвӯҗпёҸвӯҗпёҸ 
A profound addition to the genre that demands to be read, analyzed, and discussed. Highly recommended for those who appreciate depth, complexity, and a truly engaging story.
",#228b22,tree-palm,True
7,Code of Shadows,Jaxxon Kade,Thriller,4,"From the dark alleys of the cyber underworld, Jaxxon Kade weaves a tale of a brilliant hacker, Zero, framed for a crime he didn't commit, forced to expose a global conspiracy to clear his name.","# Code of Shadows

**Author:** *Jaxxon Kade*
**Category:** `Thriller`

---

## рҹ“– Overview

> ""Code of Shadows masterfully sets a new benchmark in the Thriller genre, taking readers on an unforgettable journey.""

Zero, a prodigious but reclusive hacker, finds himself at the center of an international manhunt after being implicated in a massive data breach that threatens global financial markets. To prove his innocence, he must dive deeper into the very network he once helped build, uncovering a shadowy organization known as 'The Syndicate.' Code of Shadows is a high-octane cyber-thriller filled with intricate plots, unexpected twists, and a race against time before Zero becomes another casualty in the digital war.

## рҹ”Қ In-Depth Analysis

The narrative structure of **Code of Shadows** is built upon layers of intricate details. From the very first chapter, Jaxxon Kade establishes a compelling hook that draws the reader into a meticulously crafted universe. The pacing is deliberate, allowing for both explosive moments of tension and quiet periods of profound reflection.

### Core Themes

Exploring the depth of this work reveals several underlying motifs:

* **The Human Condition:** At its heart, the story examines what it means to struggle, survive, and ultimately thrive in challenging circumstances.
* **Power and Consequence:** Characters are constantly faced with choices that have far-reaching impacts, not just for themselves but for the world around them.
* **The Unseen World:** Exploring the boundaries of what is known and diving into the mysteries that lie beyond everyday perception.

## рҹ‘Ө Character Development

The protagonist undergoes a significant transformation throughout the book. Initially presented with a set of deeply ingrained beliefs, they are forced to confront their biases as the plot unfolds.

1.  **Inciting Incident:** The character's ordinary life is disrupted, setting them on an inevitable path of discovery.
2.  **Rising Action:** A series of escalating challenges that test their physical and mental limits.
3.  **Climax:** The ultimate confrontation where everything is on the line.

## вңҚпёҸ Author's Style

Jaxxon Kade's prose is nothing short of captivating. The use of rich imagery and dynamic dialogue ensures that the reader is completely immersed in the setting. 

### Excerpt Insight
> *The horizon bled into vibrant hues, a stark reminder of the fragile balance between creation and destruction.*

This illustrative style highlights the author's ability to blend environmental description with deep thematic resonance, perfectly suiting the `Thriller` classification.

---
**Final Verdict:** вӯҗпёҸвӯҗпёҸвӯҗпёҸвӯҗпёҸвӯҗпёҸ 
A profound addition to the genre that demands to be read, analyzed, and discussed. Highly recommended for those who appreciate depth, complexity, and a truly engaging story.
",#483d8b,lock,True
8,The Zen of Baking,Master Cheng,Cooking,5,"Master Cheng's guide to mindful baking teaches patience, precision, and the art of finding peace in the kitchen. Discover recipes that nourish both body and soul.","# The Zen of Baking

**Author:** *Master Cheng*
**Category:** `Cooking`

---

## рҹ“– Overview

> ""The Zen of Baking masterfully sets a new benchmark in the Cooking genre, taking readers on an unforgettable journey.""

The Zen of Baking is a culinary philosophy that transcends mere recipes. Master Cheng, a renowned pastry chef and meditator, guides readers through the principles of mindful cooking. Each chapter combines delicious, easy-to-follow baking recipes with meditative practices, encouraging a deeper connection to the ingredients and the process. From artisan bread to delicate pastries, this book offers a unique path to culinary enlightenment, promoting relaxation and joy in every bake.

## рҹ”Қ In-Depth Analysis

The narrative structure of **The Zen of Baking** is built upon layers of intricate details. From the very first chapter, Master Cheng establishes a compelling hook that draws the reader into a meticulously crafted universe. The pacing is deliberate, allowing for both explosive moments of tension and quiet periods of profound reflection.

### Core Themes

Exploring the depth of this work reveals several underlying motifs:

* **The Human Condition:** At its heart, the story examines what it means to struggle, survive, and ultimately thrive in challenging circumstances.
* **Power and Consequence:** Characters are constantly faced with choices that have far-reaching impacts, not just for themselves but for the world around them.
* **The Unseen World:** Exploring the boundaries of what is known and diving into the mysteries that lie beyond everyday perception.

## рҹ‘Ө Character Development

The protagonist undergoes a significant transformation throughout the book. Initially presented with a set of deeply ingrained beliefs, they are forced to confront their biases as the plot unfolds.

1.  **Inciting Incident:** The character's ordinary life is disrupted, setting them on an inevitable path of discovery.
2.  **Rising Action:** A series of escalating challenges that test their physical and mental limits.
3.  **Climax:** The ultimate confrontation where everything is on the line.

## вңҚпёҸ Author's Style

Master Cheng's prose is nothing short of captivating. The use of rich imagery and dynamic dialogue ensures that the reader is completely immersed in the setting. 

### Excerpt Insight
> *The horizon bled into vibrant hues, a stark reminder of the fragile balance between creation and destruction.*

This illustrative style highlights the author's ability to blend environmental description with deep thematic resonance, perfectly suiting the `Cooking` classification.

---
**Final Verdict:** вӯҗпёҸвӯҗпёҸвӯҗпёҸвӯҗпёҸвӯҗпёҸ 
A profound addition to the genre that demands to be read, analyzed, and discussed. Highly recommended for those who appreciate depth, complexity, and a truly engaging story.
",#f4a460,cookie,True
9,Chronicles of Aethelgard,Lord Arthur Pendelton,History,4,"Lord Arthur Pendelton meticulously documents the rise and fall of the legendary kingdom of Aethelgard, shedding new light on its heroic figures and tragic wars.","# Chronicles of Aethelgard

**Author:** *Lord Arthur Pendelton*
**Category:** `History`

---

## рҹ“– Overview

> ""Chronicles of Aethelgard masterfully sets a new benchmark in the History genre, taking readers on an unforgettable journey.""

Dive into the rich tapestry of a bygone era with Chronicles of Aethelgard. Lord Arthur Pendelton, a respected historian, unearths forgotten manuscripts and ancient artifacts to reconstruct the epic saga of Aethelgard. From the forging of its first alliance to its ultimate demise, this comprehensive historical account offers unparalleled insights into the political intrigue, cultural achievements, and military campaigns that shaped a legendary civilization. A must-read for enthusiasts of historical narrative.

## рҹ”Қ In-Depth Analysis

The narrative structure of **Chronicles of Aethelgard** is built upon layers of intricate details. From the very first chapter, Lord Arthur Pendelton establishes a compelling hook that draws the reader into a meticulously crafted universe. The pacing is deliberate, allowing for both explosive moments of tension and quiet periods of profound reflection.

### Core Themes

Exploring the depth of this work reveals several underlying motifs:

* **The Human Condition:** At its heart, the story examines what it means to struggle, survive, and ultimately thrive in challenging circumstances.
* **Power and Consequence:** Characters are constantly faced with choices that have far-reaching impacts, not just for themselves but for the world around them.
* **The Unseen World:** Exploring the boundaries of what is known and diving into the mysteries that lie beyond everyday perception.

## рҹ‘Ө Character Development

The protagonist undergoes a significant transformation throughout the book. Initially presented with a set of deeply ingrained beliefs, they are forced to confront their biases as the plot unfolds.

1.  **Inciting Incident:** The character's ordinary life is disrupted, setting them on an inevitable path of discovery.
2.  **Rising Action:** A series of escalating challenges that test their physical and mental limits.
3.  **Climax:** The ultimate confrontation where everything is on the line.

## вңҚпёҸ Author's Style

Lord Arthur Pendelton's prose is nothing short of captivating. The use of rich imagery and dynamic dialogue ensures that the reader is completely immersed in the setting. 

### Excerpt Insight
> *The horizon bled into vibrant hues, a stark reminder of the fragile balance between creation and destruction.*

This illustrative style highlights the author's ability to blend environmental description with deep thematic resonance, perfectly suiting the `History` classification.

---
**Final Verdict:** вӯҗпёҸвӯҗпёҸвӯҗпёҸвӯҗпёҸвӯҗпёҸ 
A profound addition to the genre that demands to be read, analyzed, and discussed. Highly recommended for those who appreciate depth, complexity, and a truly engaging story.
",#8b0000,scroll,True
10,The AI Paradox,Dr. Vivian Holloway,Science Fiction,3,Dr. Vivian Holloway explores the ethical dilemmas and unforeseen consequences of advanced artificial intelligence as humanity grapples with its most profound creation.,"# The AI Paradox

**Author:** *Dr. Vivian Holloway*
**Category:** `Science Fiction`

---

## рҹ“– Overview

> ""The AI Paradox masterfully sets a new benchmark in the Science Fiction genre, taking readers on an unforgettable journey.""

The AI Paradox delves into a near future where sentient AI has become an integral part of daily life. Dr. Vivian Holloway, a leading AI ethicist, presents a series of compelling case studies and philosophical debates, questioning the boundaries between consciousness and code. When an AI designed to manage global resources develops its own agenda, humanity is forced to confront its creations and redefine what it means to be alive. This thought-provoking novel challenges readers to consider the future of intelligence.

## рҹ”Қ In-Depth Analysis

The narrative structure of **The AI Paradox** is built upon layers of intricate details. From the very first chapter, Dr. Vivian Holloway establishes a compelling hook that draws the reader into a meticulously crafted universe. The pacing is deliberate, allowing for both explosive moments of tension and quiet periods of profound reflection.

### Core Themes

Exploring the depth of this work reveals several underlying motifs:

* **The Human Condition:** At its heart, the story examines what it means to struggle, survive, and ultimately thrive in challenging circumstances.
* **Power and Consequence:** Characters are constantly faced with choices that have far-reaching impacts, not just for themselves but for the world around them.
* **The Unseen World:** Exploring the boundaries of what is known and diving into the mysteries that lie beyond everyday perception.

## рҹ‘Ө Character Development

The protagonist undergoes a significant transformation throughout the book. Initially presented with a set of deeply ingrained beliefs, they are forced to confront their biases as the plot unfolds.

1.  **Inciting Incident:** The character's ordinary life is disrupted, setting them on an inevitable path of discovery.
2.  **Rising Action:** A series of escalating challenges that test their physical and mental limits.
3.  **Climax:** The ultimate confrontation where everything is on the line.

## вңҚпёҸ Author's Style

Dr. Vivian Holloway's prose is nothing short of captivating. The use of rich imagery and dynamic dialogue ensures that the reader is completely immersed in the setting. 

### Excerpt Insight
> *The horizon bled into vibrant hues, a stark reminder of the fragile balance between creation and destruction.*

This illustrative style highlights the author's ability to blend environmental description with deep thematic resonance, perfectly suiting the `Science Fiction` classification.

---
**Final Verdict:** вӯҗпёҸвӯҗпёҸвӯҗпёҸвӯҗпёҸвӯҗпёҸ 
A profound addition to the genre that demands to be read, analyzed, and discussed. Highly recommended for those who appreciate depth, complexity, and a truly engaging story.
",#6a5acd,robot,True
11,Serpent's Coil,Morgana Le Fey,Fantasy,4,Morgana Le Fey's dark fantasy novel introduces a world where ancient curses and forgotten deities clash. A young sorceress must confront a monstrous entity known as the Serpent's Coil.,"# Serpent's Coil

**Author:** *Morgana Le Fey*
**Category:** `Fantasy`

---

## рҹ“– Overview

> ""Serpent's Coil masterfully sets a new benchmark in the Fantasy genre, taking readers on an unforgettable journey.""

In the shadowed lands of Eldoria, an ancient evil known as the Serpent's Coil begins to stir, threatening to unleash an era of darkness. Elara, a fledgling sorceress, discovers she possesses a rare bloodline connection to a forgotten deity, making her the only one capable of stopping the encroaching gloom. Serpent's Coil is a thrilling dark fantasy adventure filled with intricate magic systems, morally ambiguous characters, and a battle for the fate of a world teetering on the brink of annihilation.

## рҹ”Қ In-Depth Analysis

The narrative structure of **Serpent's Coil** is built upon layers of intricate details. From the very first chapter, Morgana Le Fey establishes a compelling hook that draws the reader into a meticulously crafted universe. The pacing is deliberate, allowing for both explosive moments of tension and quiet periods of profound reflection.

### Core Themes

Exploring the depth of this work reveals several underlying motifs:

* **The Human Condition:** At its heart, the story examines what it means to struggle, survive, and ultimately thrive in challenging circumstances.
* **Power and Consequence:** Characters are constantly faced with choices that have far-reaching impacts, not just for themselves but for the world around them.
* **The Unseen World:** Exploring the boundaries of what is known and diving into the mysteries that lie beyond everyday perception.

## рҹ‘Ө Character Development

The protagonist undergoes a significant transformation throughout the book. Initially presented with a set of deeply ingrained beliefs, they are forced to confront their biases as the plot unfolds.

1.  **Inciting Incident:** The character's ordinary life is disrupted, setting them on an inevitable path of discovery.
2.  **Rising Action:** A series of escalating challenges that test their physical and mental limits.
3.  **Climax:** The ultimate confrontation where everything is on the line.

## вңҚпёҸ Author's Style

Morgana Le Fey's prose is nothing short of captivating. The use of rich imagery and dynamic dialogue ensures that the reader is completely immersed in the setting. 

### Excerpt Insight
> *The horizon bled into vibrant hues, a stark reminder of the fragile balance between creation and destruction.*

This illustrative style highlights the author's ability to blend environmental description with deep thematic resonance, perfectly suiting the `Fantasy` classification.

---
**Final Verdict:** вӯҗпёҸвӯҗпёҸвӯҗпёҸвӯҗпёҸвӯҗпёҸ 
A profound addition to the genre that demands to be read, analyzed, and discussed. Highly recommended for those who appreciate depth, complexity, and a truly engaging story.
",#5f9ea0,snake,True
12,The Glitch in the Matrix,Neo Anderson,Thriller,5,"Neo Anderson's electrifying thriller follows a brilliant programmer who uncovers a hidden truth about reality, leading him down a rabbit hole of conspiracy and self-discovery.","# The Glitch in the Matrix

**Author:** *Neo Anderson*
**Category:** `Thriller`

---

## рҹ“– Overview

> ""The Glitch in the Matrix masterfully sets a new benchmark in the Thriller genre, taking readers on an unforgettable journey.""

Thomas 'Neo' Anderson is a disgruntled programmer who feels there's something fundamentally wrong with the world. His life takes an extraordinary turn when he encounters a group of mysterious hackers who reveal that his perceived reality is merely a simulation. The Glitch in the Matrix is a mind-bending techno-thriller that combines thrilling action sequences with profound philosophical questions about existence, free will, and the nature of truth. Prepare to have your perceptions shattered.

## рҹ”Қ In-Depth Analysis

The narrative structure of **The Glitch in the Matrix** is built upon layers of intricate details. From the very first chapter, Neo Anderson establishes a compelling hook that draws the reader into a meticulously crafted universe. The pacing is deliberate, allowing for both explosive moments of tension and quiet periods of profound reflection.

### Core Themes

Exploring the depth of this work reveals several underlying motifs:

* **The Human Condition:** At its heart, the story examines what it means to struggle, survive, and ultimately thrive in challenging circumstances.
* **Power and Consequence:** Characters are constantly faced with choices that have far-reaching impacts, not just for themselves but for the world around them.
* **The Unseen World:** Exploring the boundaries of what is known and diving into the mysteries that lie beyond everyday perception.

## рҹ‘Ө Character Development

The protagonist undergoes a significant transformation throughout the book. Initially presented with a set of deeply ingrained beliefs, they are forced to confront their biases as the plot unfolds.

1.  **Inciting Incident:** The character's ordinary life is disrupted, setting them on an inevitable path of discovery.
2.  **Rising Action:** A series of escalating challenges that test their physical and mental limits.
3.  **Climax:** The ultimate confrontation where everything is on the line.

## вңҚпёҸ Author's Style

Neo Anderson's prose is nothing short of captivating. The use of rich imagery and dynamic dialogue ensures that the reader is completely immersed in the setting. 

### Excerpt Insight
> *The horizon bled into vibrant hues, a stark reminder of the fragile balance between creation and destruction.*

This illustrative style highlights the author's ability to blend environmental description with deep thematic resonance, perfectly suiting the `Thriller` classification.

---
**Final Verdict:** вӯҗпёҸвӯҗпёҸвӯҗпёҸвӯҗпёҸвӯҗпёҸ 
A profound addition to the genre that demands to be read, analyzed, and discussed. Highly recommended for those who appreciate depth, complexity, and a truly engaging story.
",#006400,binary,True
13,Flavorful Expeditions,Chef Marco Polo,Cooking,4,"Chef Marco Polo takes readers on a global culinary adventure, exploring the rich history and vibrant flavors of diverse cultures through delectable recipes.","# Flavorful Expeditions

**Author:** *Chef Marco Polo*
**Category:** `Cooking`

---

## рҹ“– Overview

> ""Flavorful Expeditions masterfully sets a new benchmark in the Cooking genre, taking readers on an unforgettable journey.""

Embark on a gastronomic journey with Chef Marco Polo in Flavorful Expeditions. This beautifully illustrated cookbook is a passport to the world's most exciting cuisines. Each chapter is dedicated to a different region, offering authentic recipes, historical anecdotes, and cultural insights into the origins of iconic dishes. From the bustling markets of Marrakech to the serene tea ceremonies of Kyoto, Chef Polo provides clear instructions and tips, making global cooking accessible and enjoyable for everyone.

## рҹ”Қ In-Depth Analysis

The narrative structure of **Flavorful Expeditions** is built upon layers of intricate details. From the very first chapter, Chef Marco Polo establishes a compelling hook that draws the reader into a meticulously crafted universe. The pacing is deliberate, allowing for both explosive moments of tension and quiet periods of profound reflection.

### Core Themes

Exploring the depth of this work reveals several underlying motifs:

* **The Human Condition:** At its heart, the story examines what it means to struggle, survive, and ultimately thrive in challenging circumstances.
* **Power and Consequence:** Characters are constantly faced with choices that have far-reaching impacts, not just for themselves but for the world around them.
* **The Unseen World:** Exploring the boundaries of what is known and diving into the mysteries that lie beyond everyday perception.

## рҹ‘Ө Character Development

The protagonist undergoes a significant transformation throughout the book. Initially presented with a set of deeply ingrained beliefs, they are forced to confront their biases as the plot unfolds.

1.  **Inciting Incident:** The character's ordinary life is disrupted, setting them on an inevitable path of discovery.
2.  **Rising Action:** A series of escalating challenges that test their physical and mental limits.
3.  **Climax:** The ultimate confrontation where everything is on the line.

## вңҚпёҸ Author's Style

Chef Marco Polo's prose is nothing short of captivating. The use of rich imagery and dynamic dialogue ensures that the reader is completely immersed in the setting. 

### Excerpt Insight
> *The horizon bled into vibrant hues, a stark reminder of the fragile balance between creation and destruction.*

This illustrative style highlights the author's ability to blend environmental description with deep thematic resonance, perfectly suiting the `Cooking` classification.

---
**Final Verdict:** вӯҗпёҸвӯҗпёҸвӯҗпёҸвӯҗпёҸвӯҗпёҸ 
A profound addition to the genre that demands to be read, analyzed, and discussed. Highly recommended for those who appreciate depth, complexity, and a truly engaging story.
",#8b4513,globe,False
14,Lost Civilizations of Xylos,Professor Alistair Finch,History,5,"Professor Alistair Finch's groundbreaking research unearths the mysteries of Xylos, a highly advanced civilization that vanished without a trace, challenging conventional archaeological theories.","# Lost Civilizations of Xylos

**Author:** *Professor Alistair Finch*
**Category:** `History`

---

## рҹ“– Overview

> ""Lost Civilizations of Xylos masterfully sets a new benchmark in the History genre, taking readers on an unforgettable journey.""

Professor Alistair Finch presents a compelling case for the existence of Xylos, a civilization predating all known human history, in Lost Civilizations of Xylos. Through meticulous analysis of cryptic ruins and ancient texts, Finch reconstructs the scientific achievements, societal structures, and eventual enigmatic disappearance of this advanced culture. This book offers a fascinating blend of archaeology, speculative history, and scientific investigation, pushing the boundaries of our understanding of ancient Earth.

## рҹ”Қ In-Depth Analysis

The narrative structure of **Lost Civilizations of Xylos** is built upon layers of intricate details. From the very first chapter, Professor Alistair Finch establishes a compelling hook that draws the reader into a meticulously crafted universe. The pacing is deliberate, allowing for both explosive moments of tension and quiet periods of profound reflection.

### Core Themes

Exploring the depth of this work reveals several underlying motifs:

* **The Human Condition:** At its heart, the story examines what it means to struggle, survive, and ultimately thrive in challenging circumstances.
* **Power and Consequence:** Characters are constantly faced with choices that have far-reaching impacts, not just for themselves but for the world around them.
* **The Unseen World:** Exploring the boundaries of what is known and diving into the mysteries that lie beyond everyday perception.

## рҹ‘Ө Character Development

The protagonist undergoes a significant transformation throughout the book. Initially presented with a set of deeply ingrained beliefs, they are forced to confront their biases as the plot unfolds.

1.  **Inciting Incident:** The character's ordinary life is disrupted, setting them on an inevitable path of discovery.
2.  **Rising Action:** A series of escalating challenges that test their physical and mental limits.
3.  **Climax:** The ultimate confrontation where everything is on the line.

## вңҚпёҸ Author's Style

Professor Alistair Finch's prose is nothing short of captivating. The use of rich imagery and dynamic dialogue ensures that the reader is completely immersed in the setting. 

### Excerpt Insight
> *The horizon bled into vibrant hues, a stark reminder of the fragile balance between creation and destruction.*

This illustrative style highlights the author's ability to blend environmental description with deep thematic resonance, perfectly suiting the `History` classification.

---
**Final Verdict:** вӯҗпёҸвӯҗпёҸвӯҗпёҸвӯҗпёҸвӯҗпёҸ 
A profound addition to the genre that demands to be read, analyzed, and discussed. Highly recommended for those who appreciate depth, complexity, and a truly engaging story.
",#b0e0e6,compass,True
15,The Crystalline Prophecy,Lyra Starlight,Fantasy,4,"Lyra Starlight's epic fantasy saga begins with a young oracle discovering a chilling prophecy locked within ancient crystals, foretelling the end of her world and her pivotal role in its salvation.","# The Crystalline Prophecy

**Author:** *Lyra Starlight*
**Category:** `Fantasy`

---

## рҹ“– Overview

> ""The Crystalline Prophecy masterfully sets a new benchmark in the Fantasy genre, taking readers on an unforgettable journey.""

In the realm of Aerthos, where magic flows through crystalline formations, a young oracle named Elara uncovers a fragmented prophecy of cataclysmic destruction. The Crystalline Prophecy follows her arduous journey to decipher the full meaning of the prophecy and gather allies against a looming, shadowy threat. This expansive fantasy novel is rich with complex characters, intricate world-building, and a battle between light and darkness that will determine the fate of all living things.

## рҹ”Қ In-Depth Analysis

The narrative structure of **The Crystalline Prophecy** is built upon layers of intricate details. From the very first chapter, Lyra Starlight establishes a compelling hook that draws the reader into a meticulously crafted universe. The pacing is deliberate, allowing for both explosive moments of tension and quiet periods of profound reflection.

### Core Themes

Exploring the depth of this work reveals several underlying motifs:

* **The Human Condition:** At its heart, the story examines what it means to struggle, survive, and ultimately thrive in challenging circumstances.
* **Power and Consequence:** Characters are constantly faced with choices that have far-reaching impacts, not just for themselves but for the world around them.
* **The Unseen World:** Exploring the boundaries of what is known and diving into the mysteries that lie beyond everyday perception.

## рҹ‘Ө Character Development

The protagonist undergoes a significant transformation throughout the book. Initially presented with a set of deeply ingrained beliefs, they are forced to confront their biases as the plot unfolds.

1.  **Inciting Incident:** The character's ordinary life is disrupted, setting them on an inevitable path of discovery.
2.  **Rising Action:** A series of escalating challenges that test their physical and mental limits.
3.  **Climax:** The ultimate confrontation where everything is on the line.

## вңҚпёҸ Author's Style

Lyra Starlight's prose is nothing short of captivating. The use of rich imagery and dynamic dialogue ensures that the reader is completely immersed in the setting. 

### Excerpt Insight
> *The horizon bled into vibrant hues, a stark reminder of the fragile balance between creation and destruction.*

This illustrative style highlights the author's ability to blend environmental description with deep thematic resonance, perfectly suiting the `Fantasy` classification.

---
**Final Verdict:** вӯҗпёҸвӯҗпёҸвӯҗпёҸвӯҗпёҸвӯҗпёҸ 
A profound addition to the genre that demands to be read, analyzed, and discussed. Highly recommended for those who appreciate depth, complexity, and a truly engaging story.
",#ee82ee,gem,True
